{"cameraMode":{"drawMode":0,"name":"Shaded","section":"Shading Mode"},"sceneLighting":true,"audioPlay":false,"sceneViewState":{"m_AlwaysRefresh":false,"showFog":true,"showSkybox":true,"showFlares":true,"showImageEffects":true,"showParticleSystems":true,"showVisualEffectGraphs":true,"m_FxEnabled":true},"in2DMode":false,"pivot":{"x":-1.6223413944244385,"y":-95.95081329345703,"z":-60.349998474121097},"rotation":{"x":0.0005433497717604041,"y":0.7968418002128601,"z":-0.604192316532135,"w":0.0007163122645579279},"size":65.59307861328125,"orthographic":false}